USE LuciaHT;
GO

-- KH
INSERT INTO KH VALUES
('KH001', N'Nguyễn Minh Tuấn', '0901230001', '1990-01-01', '001234567890'),
('KH002', N'Trần Thị Ngọc Anh', '0901230002', '1992-02-02', '001234567891');

-- NV
INSERT INTO NV VALUES
('ADMIN', N'LUCIA OWNER', NULL, NULL, NULL, NULL, NULL, NULL, '123', N'ADMIN', NULL, NULL),
('LUCIA002', N'Phạm Lê Khánh An', '0365755828','079205083937', N'TP.HCM','2005-06-07' ,'2024-02-01', N'DAIHOC', '123', N'QUAN_LY', 'CON_LAM', 'ADMIN'),
('LUCIA003', N'Trần Văn A', '0344448888','079205828290', N'TP.HCM','2005-02-02' ,'2024-02-01', N'CAODANG', '123', N'NHAN_VIEN', 'CON_LAM', 'LUCIA002');

-- LoaiPhong
INSERT INTO LoaiPhong VALUES
('SINGLE', 300000, 1),
('DOUBLE', 500000, 2),
('FAMILY', 1000000, 4);

-- Phong
INSERT INTO Phong VALUES
('PH001', N'Phòng 101', 'SINGLE', N'CONTRONG', 101,1),
('PH002', N'Phòng 102', 'DOUBLE', N'DANGSUDUNG', 102,1),
('PH003', N'Phòng 201', 'FAMILY', N'CONTRONG', 201,2);

-- DatPhong
INSERT INTO DatPhong VALUES
('DP001', '2026-03-20', 'KH001', '2026-03-20', '2026-03-22'),
('DP002', '2026-03-21', 'KH002', '2026-03-21', '2026-03-23');

-- ChiTietDatPhong
INSERT INTO ChiTietDatPhong VALUES
('CTDP001', 'PH001', 'DP001', 100000, 1, N'Không hút thuốc'),
('CTDP002', 'PH002', 'DP002', 150000, 2, N'Trẻ em đi kèm');

-- DV
INSERT INTO DV VALUES
('DV001', N'Nước suối', 20000, N'NUOCUONG', N'Chai 500ml', N'Chai'),
('DV002', N'Ăn sáng', 50000, N'THUCAN', N'Buffet', N'Suất'),
('DV003', N'Giặt ủi', 100000, N'MAYGIAT', N'Gói giặt ủi', N'Lần');

-- HoaDon
INSERT INTO HoaDon VALUES
('HD001', 'DP001', 'LUCIA002', '2026-03-22', 600000),
('HD002', 'DP002', 'ADMIN', '2026-03-23', 1000000);

-- ChiTietHoaDon
INSERT INTO ChiTietHoaDon VALUES
('CTHD001', 'HD001', 'CTDP001', 48, 1, 600000),
('CTHD002', 'HD002', 'CTDP002', 48, 1, 1000000);

-- DichVuSuDung
INSERT INTO DichVuSuDung VALUES
('DV001', 'CTHD001', '2026-03-21', 2, 20000, 1),
('DV002', 'CTHD001', '2026-03-21', 1, 50000, 1),
('DV003', 'CTHD002', '2026-03-22', 1, 100000, 1);

-- BangGiaDV_Header
INSERT INTO BangGiaDV_Header VALUES
('BG001', N'Bảng giá tiêu chuẩn 2026', '2026-01-01', '2026-12-31', 1);

-- BangGiaDV_Detail
INSERT INTO BangGiaDV_Detail VALUES
('BG001', 'DV001', 20000, N'Giá tiêu chuẩn'),
('BG001', 'DV002', 50000, N'Giá tiêu chuẩn'),
('BG001', 'DV003', 100000, N'Giá tiêu chuẩn');
GO