USE LuciaHT;
GO

-- KH (Dữ liệu khách hàng) - Đã xóa dữ liệu rác để chuẩn bị tạo dữ liệu thực tế.
-- Cấu trúc: INSERT INTO KH (maKH, tenKH, soDT, ngaySinh, soCCCD, email) VALUES ...
DELETE NV
DELETE LoaiPhong
DELETE Phong
-- NV
-- Thứ tự cột: maNV, hoTen, soDT, soCCCD, diaChi, ngaySinh, ngayVaoLam, trinhDo, mk, role, trangThai, maQL
INSERT INTO NV VALUES
('ADMIN',   N'LUCIA OWNER',         NULL,          NULL,           NULL,       NULL,         NULL,         NULL,        '123', N'ADMIN',     NULL,        NULL),
('LUCIA001',N'Phạm Lê Khánh An',   '0365755828',  '079090909090', N'TP.HCM', '1990-06-07', '2024-02-01', N'DAIHOC',   '123', N'QUAN_LY',   'CON_LAM',   'ADMIN'),
('LUCIA002',N'Hoàng Văn Hưng',       '0365755829',  '079090909091', N'Hà Nội', '1990-04-12', '2024-02-01', N'DAIHOC',   '123', N'QUAN_LY',   'CON_LAM',   'ADMIN'),
('LUCIA003',N'Lưu Anh',             '0355558888',  '079300348888', N'TP.HCM', '2000-05-05', '2024-02-15', N'DAIHOC',   '123', N'NHAN_VIEN', 'CON_LAM',   'LUCIA001'),
('LUCIA004',N'Trần Văn A',          '0344448888',  '079200828290', N'Đà Nẵng', '2000-02-02', '2024-03-01', N'CAODANG',  '123', N'NHAN_VIEN', 'CON_LAM',   'LUCIA001'),
('LUCIA005',N'Nguyễn Thị Bằng',      '0344448889',  '079300828291', N'Cần Thơ', '2000-11-20', '2024-03-15', N'CAODANG',  '123', N'NHAN_VIEN', 'CON_LAM',   'LUCIA001'),
('LUCIA006',N'Lê Minh Cường',        '0344448890',  '079200828292', N'Hải Phòng', '2000-08-14', '2024-04-01', N'THPT',  '123', N'NHAN_VIEN', 'CON_LAM',   'LUCIA001'),
('LUCIA007',N'Phan Thị Duyên',       '0344448891',  '079105828293', N'Nha Trang', '2005-01-10', '2024-04-10', N'DAIHOC',   '123', N'NHAN_VIEN', 'CON_LAM',   'LUCIA001'),
('LUCIA008',N'Võ Thanh Tú',          '0344448892',  '079203828294', N'Vũng Tàu', '2003-07-22', '2024-05-01', N'CAODANG',  '123', N'NHAN_VIEN', 'CON_LAM',   'LUCIA002'),
('LUCIA009',N'Đinh Khải Hoàn',       '0344448893',  '079201828295', N'TP.HCM', '2001-09-09', '2024-05-15', N'DAIHOC',   '123', N'NHAN_VIEN', 'CON_LAM',   'LUCIA002'),
('LUCIA010',N'Trịnh Ngọc Hà',        '0344448894',  '079197828296', N'Đà Lạt', '1997-12-25', '2024-06-01', N'CAODANG',  '123', N'NHAN_VIEN', 'CON_LAM',   'LUCIA002'),
('LUCIA011',N'Lý Quang Vinh',        '0344448895',  '079200828297', N'Hà Tĩnh', '2000-03-30', '2024-06-15', N'THPT',  '123', N'NHAN_VIEN', 'CON_LAM',   'LUCIA002'),
('LUCIA012',N'Bùi Tuấn Phong',       '0344448896',  '079096828298', N'TP.HCM', '1996-05-12', '2024-07-01', N'DAIHOC',   '123', N'NHAN_VIEN', 'CON_LAM',   'LUCIA002');

-- LoaiPhong
-- Thứ tự cột: maLoaiPhong, gia, sucChua
INSERT INTO LoaiPhong (maLoaiPhong, gia, sucChua) VALUES
('SINGLE', 300000, 1),
('DOUBLE', 500000, 2),
('TWIN',   600000, 2),
('TRIPLE', 700000, 3),
('FAMILY', 1000000, 4);

-- Phong
INSERT INTO Phong (maPhong, tenPhong, loaiPhong, tinhTrang, soPhong, soTang) VALUES
('P101', N'Phòng 101', 'SINGLE', N'CONTRONG',   101, 1),
('P102', N'Phòng 102', 'DOUBLE', N'CONTRONG', 102, 1),
('P103', N'Phòng 103', 'TWIN',   N'CONTRONG',   103, 1),
('P104', N'Phòng 104', 'TRIPLE', N'CONTRONG',   104, 1),
('P105', N'Phòng 105', 'FAMILY', N'CONTRONG',   105, 1),
('P201', N'Phòng 201', 'SINGLE', N'CONTRONG',   201, 2),
('P202', N'Phòng 202', 'DOUBLE', N'CONTRONG',   202, 2),
('P203', N'Phòng 203', 'TWIN',   N'CONTRONG',   203, 2),
('P204', N'Phòng 204', 'TRIPLE', N'CONTRONG',   204, 2),
('P205', N'Phòng 205', 'FAMILY', N'CONTRONG',   205, 2),
('P301', N'Phòng 301', 'SINGLE', N'CONTRONG',   301, 3),
('P302', N'Phòng 302', 'DOUBLE', N'CONTRONG',   302, 3),
('P303', N'Phòng 303', 'TWIN',   N'CONTRONG',   303, 3),
('P304', N'Phòng 304', 'TRIPLE', N'CONTRONG',   304, 3),
('P305', N'Phòng 305', 'FAMILY', N'CONTRONG',   305, 3),
('P401', N'Phòng 401', 'SINGLE', N'CONTRONG',   401, 4),
('P402', N'Phòng 402', 'DOUBLE', N'CONTRONG',   402, 4),
('P403', N'Phòng 403', 'TWIN',   N'CONTRONG',   403, 4),
('P404', N'Phòng 404', 'TRIPLE', N'CONTRONG',   404, 4),
('P405', N'Phòng 405', 'FAMILY', N'CONTRONG',   405, 4),
('P501', N'Phòng 501', 'SINGLE', N'CONTRONG',   501, 5),
('P502', N'Phòng 502', 'DOUBLE', N'CONTRONG',   502, 5),
('P503', N'Phòng 503', 'TWIN',   N'CONTRONG',   503, 5),
('P504', N'Phòng 504', 'TRIPLE', N'CONTRONG',   504, 5),
('P505', N'Phòng 505', 'FAMILY', N'CONTRONG',   505, 5);

-- DatPhong (Đặt phòng) - Đã xóa dữ liệu rác để chuẩn bị tạo dữ liệu thực tế.
-- Cấu trúc: INSERT INTO DatPhong (maDat, ngayDat, maKH, ngayCheckIn, ngayCheckOut, trangThai) VALUES ...

-- ChiTietDatPhong - Đã xóa dữ liệu rác.
-- Cấu trúc: INSERT INTO ChiTietDatPhong (maCTDP, maPhong, maDat, giaCoc, soNguoi, ghiChu) VALUES ...

DELETE DV
DELETE BangGiaDV_Header
DELETE BangGiaDV_Detail
-- DV (loaiDV đổi sang ASCII key)
-- Thứ tự cột: maDV, tenDV, gia, loaiDV, mieuTa, donVi, trangThai
INSERT INTO DV (maDV, tenDV, gia, loaiDV, mieuTa, donVi, trangThai) VALUES
('DV001', N'Nước suối',  NULL,  N'THUC_PHAM', N'Chai 500ml',    N'Chai', 0),
('DV002', N'Cơm chiên hải sản', NULL,  N'THUC_PHAM', N'Phần 1 người', N'Suất', 0),
('DV003', N'Giặt ủi',   NULL,  N'TIEN_ICH',  N'Gói giặt ủi',  N'Lần',  0),
('DV004', N'Nước ngọt lon', NULL, N'THUC_PHAM', N'Coca/Pepsi 330ml', N'Lon', 0),
('DV005', N'Bia Heineken',  NULL, N'THUC_PHAM', N'Bia lon 330ml',    N'Lon', 0),
('DV006', N'Mì ly',         NULL, N'THUC_PHAM', N'Các loại mì ly',   N'Ly',  0),
('DV007', N'Thuê xe máy',  NULL, N'TIEN_ICH',  N'Xe ga/xe số/ngày', N'Ngày',0),
('DV008', N'Đưa đón sân bay',NULL,N'TIEN_ICH', N'1 chiều/xe 4 chỗ', N'Chuyến',0),
('DV009', N'Bò bít tết',   NULL, N'THUC_PHAM', N'Bò Mỹ kèm khoai tây',N'Phần', 0),
('DV010', N'Bữa tối tại phòng',NULL,N'THUC_PHAM',N'Menu VIP 2 người',N'Suất', 0),
('DV011', N'Spa thư giãn', NULL, N'SUC_KHOE', N'Gói massage 60 phút', N'Lượt', 0),
('DV012', N'Karaoke VIP',  NULL, N'GIAI_TRI', N'Phòng 2 giờ kèm nước', N'Phòng', 0);

-- HoaDon - Đã xóa dữ liệu rác.
-- Cấu trúc: INSERT INTO HoaDon (maHD, maDat, maNV, ngayTaoHD, tienPhong, tienDV, tienCoc, thueVAT, tongTien, loaiHD, trangThaiThanhToan, phuongThucThanhToan, ngayThanhToan) VALUES ...

-- ChiTietHoaDon - Đã xóa dữ liệu rác.
-- Cấu trúc: INSERT INTO ChiTietHoaDon (maCTHD, maHD, maCTDP, thoiGianLuuTru, thanhTien) VALUES ...

-- DichVuSuDung - Đã xóa dữ liệu rác.
-- Cấu trúc: INSERT INTO DichVuSuDung (maDV, maCTDP, ngaySuDung, soLuong, giaDV, trangThai) VALUES ...

-- BangGiaDV_Header - Đã xóa dữ liệu rác.
-- Cấu trúc: INSERT INTO BangGiaDV_Header (maBangGia, tenBangGia, ngayApDung, ngayHetHieuLuc, trangThai) VALUES ...
INSERT INTO BangGiaDV_Header (maBangGia, tenBangGia, ngayApDung, ngayHetHieuLuc, trangThai) VALUES
('BG001', N'Bảng giá quý 1', '2026-01-01', '2026-04-30', 1);

-- BangGiaDV_Detail - Đã xóa dữ liệu rác.
-- Cấu trúc: INSERT INTO BangGiaDV_Detail (maBangGia, maDV, giaDV) VALUES ...
INSERT INTO BangGiaDV_Detail (maBangGia, maDV, giaDV) VALUES
('BG001', 'DV001', 15000.00),
('BG001', 'DV002', 80000.00),
('BG001', 'DV003', 100000.00),
('BG001', 'DV004', 20000.00),
('BG001', 'DV005', 30000.00),
('BG001', 'DV006', 20000.00),
('BG001', 'DV007', 100000.00),
('BG001', 'DV008', 200000.00),
('BG001', 'DV009', 200000.00),
('BG001', 'DV010', 300000.00),
('BG001', 'DV011', 400000.00),
('BG001', 'DV012', 400000.00);

DELETE KH
DELETE DatPhong
DELETE ChiTietDatPhong
-- KHÁCH HÀNG
INSERT INTO KH (maKH, tenKH, soDT, ngaySinh, soCCCD) VALUES
('KH001', N'Đặng Nguyễn Thành Công', '0335363636', '2004-09-07', '079204363636'),
('KH002', N'Võ Hà My', '0335353535', '2008-04-01', '079308353535'),
('KH003', N'Lê Minh Cường', '0933445566', '1997-04-10', '079097223344'),
('KH004', N'Võ Tuấn Kiệt', '0922222222', '2005-04-07', '079205111111'),
('KH005', N'Vũ Minh Hiếu', '0944444444', '2000-04-13', '079200333333'),
('KH006', N'Trần Thị Mai', '0912345678', '1995-12-12', '079095123456'),
('KH007', N'Nguyễn Hoàng Lan', '0923456789', '1998-05-20', '079098654321'),
('KH008', N'Lý Bảo Nam', '0934567890', '2001-08-15', '079201789012'),
('KH009', N'Đỗ Quốc Việt', '0945678901', '1999-11-20', '079199321098'),
('KH010', N'Phan Ngọc Trâm', '0956789012', '2002-02-14', '079202112233'),
('KH011', N'Lê Thị Hoa', '0967890123', '1993-07-07', '079093003344'),
('KH012', N'Võ Hữu Luân', '0978901234', '1990-10-10', '079090665544'),
('KH013', N'Đặng Lê Minh', '0989012345', '2004-03-03', '079204001122'),
('KH014', N'Trần Gia Bảo', '0990123456', '2005-01-22', '079205335577'),
('KH015', N'Bùi Thu Thảo', '0331112223', '1999-06-30', '079199554433');

-- ĐẶT PHÒNG
INSERT INTO DatPhong (maDat, ngayDat, maKH, ngayCheckIn, ngayCheckOut, trangThai) VALUES
('DP001', '2026-04-17 20:14:48.503', 'KH001', '2026-04-17 14:00:00.000', '2026-04-18 12:00:00.000', N'DA_CHECKOUT'),
('DP002', '2026-04-17 21:35:21.377', 'KH002', '2026-04-17 14:00:00.000', '2026-04-20 12:00:00.000', N'DA_CHECKOUT'),
('DP003', '2026-04-17 21:41:34.923', 'KH003', '2026-04-17 14:00:00.000', '2026-04-21 12:00:00.000', N'DA_HUY'),
('DP004', '2026-04-17 21:48:05.430', 'KH004', '2026-04-23 14:00:00.000', '2026-04-25 12:00:00.000', N'DA_HUY'),
('DP005', '2026-04-17 21:51:11.910', 'KH005', '2026-04-17 14:00:00.000', '2026-04-19 12:00:00.000', N'DA_CHECKOUT'),
('DP006', '2026-04-10 10:00:00.000', 'KH006', '2026-04-11 14:00:00.000', '2026-04-13 12:00:00.000', N'DA_CHECKOUT'),
('DP007', '2026-04-11 09:30:00.000', 'KH007', '2026-04-12 14:00:00.000', '2026-04-14 12:00:00.000', N'DA_CHECKOUT'),
('DP008', '2026-04-12 15:45:00.000', 'KH008', '2026-04-13 14:00:00.000', '2026-04-13 16:00:00.000', N'DA_CHECKOUT'),
('DP009', '2026-04-13 11:20:00.000', 'KH009', '2026-04-15 14:00:00.000', '2026-04-17 12:00:00.000', N'DA_CHECKOUT'),
('DP010', '2026-04-14 08:00:00.000', 'KH010', '2026-04-17 14:00:00.000', '2026-04-18 12:00:00.000', N'DA_CHECKIN'),
('DP011', '2026-04-15 16:10:00.000', 'KH011', '2026-04-17 14:00:00.000', '2026-04-20 12:00:00.000', N'DA_CHECKIN'),
('DP012', '2026-04-16 14:30:00.000', 'KH012', '2026-04-17 16:00:00.000', '2026-04-19 12:00:00.000', N'DA_CHECKIN'),
('DP013', '2026-04-17 09:00:00.000', 'KH013', '2026-04-18 14:00:00.000', '2026-04-20 12:00:00.000', N'DA_XACNHAN'),
('DP014', '2026-04-17 10:30:00.000', 'KH014', '2026-04-19 14:00:00.000', '2026-04-22 12:00:00.000', N'DA_XACNHAN'),
('DP015', '2026-04-17 11:15:00.000', 'KH015', '2026-04-17 14:00:00.000', '2026-04-17 18:00:00.000', N'DA_CHECKOUT'),
('DP016', '2026-04-01 08:00:00.000', 'KH006', '2026-04-02 14:00:00.000', '2026-04-05 12:00:00.000', N'DA_CHECKOUT'),
('DP017', '2026-04-05 10:00:00.000', 'KH007', '2026-04-06 14:00:00.000', '2026-04-07 12:00:00.000', N'DA_CHECKOUT'),
('DP018', '2026-04-08 15:00:00.000', 'KH008', '2026-04-09 14:00:00.000', '2026-04-10 12:00:00.000', N'DA_CHECKOUT'),
('DP019', '2026-03-25 09:00:00.000', 'KH009', '2026-03-26 14:00:00.000', '2026-03-28 12:00:00.000', N'DA_CHECKOUT'),
('DP020', '2026-03-28 14:00:00.000', 'KH010', '2026-03-30 14:00:00.000', '2026-04-02 12:00:00.000', N'DA_CHECKOUT');

-- CHI TIẾT ĐẶT PHÒNG
INSERT INTO ChiTietDatPhong (maCTDP, maPhong, maDat, giaCoc, soNguoi, ghiChu) VALUES
('CTDP0001', 'P102', 'DP001', 500000.00, 2, NULL),
('CTDP0002', 'P501', 'DP002', 300000.00, 1, NULL),
('CTDP0003', 'P105', 'DP003', 1000000.00, 4, NULL),
('CTDP0004', 'P205', 'DP003', 1000000.00, 4, NULL),
('CTDP0005', 'P305', 'DP003', 1000000.00, 2, NULL),
('CTDP0006', 'P405', 'DP004', 1000000.00, 1, NULL),
('CTDP0007', 'P105', 'DP005', 1000000.00, 4, NULL),
('CTDP0008', 'P205', 'DP005', 1000000.00, 4, NULL),
('CTDP0009', 'P305', 'DP005', 1000000.00, 4, NULL),
('CTDP0010', 'P405', 'DP005', 1000000.00, 4, NULL),
('CTDP0011', 'P505', 'DP005', 1000000.00, 4, NULL),
('CTDP0012', 'P101', 'DP006', 300000.00, 1, NULL),
('CTDP0013', 'P103', 'DP007', 600000.00, 2, NULL),
('CTDP0014', 'P201', 'DP008', 300000.00, 1, NULL),
('CTDP0015', 'P202', 'DP009', 500000.00, 2, NULL),
('CTDP0016', 'P301', 'DP010', 300000.00, 1, NULL),
('CTDP0017', 'P302', 'DP011', 500000.00, 2, NULL),
('CTDP0018', 'P401', 'DP012', 300000.00, 1, NULL),
('CTDP0019', 'P402', 'DP013', 500000.00, 2, NULL),
('CTDP0020', 'P502', 'DP014', 500000.00, 2, NULL),
('CTDP0021', 'P101', 'DP015', 300000.00, 1, NULL),
('CTDP0022', 'P104', 'DP016', 700000.00, 2, NULL),
('CTDP0023', 'P204', 'DP017', 700000.00, 3, NULL),
('CTDP0024', 'P304', 'DP018', 700000.00, 3, NULL),
('CTDP0025', 'P404', 'DP019', 700000.00, 2, NULL),
('CTDP0026', 'P504', 'DP020', 700000.00, 3, NULL);

DELETE DichVuSuDung
DELETE HoaDon
DELETE ChiTietHoaDon
-- DỊCH VỤ SỬ DỤNG
INSERT INTO DichVuSuDung (maDV, maCTDP, ngaySuDung, soLuong, giaDV, trangThai) VALUES
('DV001', 'CTDP0001', '2026-04-17', 2, 15000.00, 0),
('DV001', 'CTDP0011', '2026-04-17', 5, 15000.00, 0),
('DV003', 'CTDP0010', '2026-04-17', 1, 100000.00, 0),
('DV003', 'CTDP0011', '2026-04-17', 1, 100000.00, 0),
('DV004', 'CTDP0009', '2026-04-17', 2, 20000.00, 0),
('DV005', 'CTDP0012', '2026-04-12', 2, 30000.00, 0),
('DV001', 'CTDP0012', '2026-04-12', 2, 15000.00, 0),
('DV002', 'CTDP0013', '2026-04-13', 2, 80000.00, 0),
('DV007', 'CTDP0013', '2026-04-13', 1, 100000.00, 0),
('DV009', 'CTDP0015', '2026-04-16', 2, 200000.00, 0),
('DV011', 'CTDP0022', '2026-04-03', 1, 400000.00, 0),
('DV005', 'CTDP0010', '2026-04-17', 10, 30000.00, 0),
('DV006', 'CTDP0009', '2026-04-17', 3, 20000.00, 0),
('DV007', 'CTDP0001', '2026-04-17', 1, 100000.00, 0),
('DV007', 'CTDP0010', '2026-04-17', 1, 100000.00, 0),
('DV007', 'CTDP0011', '2026-04-17', 1, 100000.00, 0),
('DV008', 'CTDP0001', '2026-04-17', 1, 200000.00, 0),
('DV009', 'CTDP0001', '2026-04-17', 2, 200000.00, 0),
('DV009', 'CTDP0008', '2026-04-17', 1, 200000.00, 0),
('DV010', 'CTDP0007', '2026-04-17', 1, 300000.00, 0),
('DV011', 'CTDP0001', '2026-04-17', 1, 400000.00, 0),
('DV011', 'CTDP0010', '2026-04-17', 1, 400000.00, 0),
('DV012', 'CTDP0010', '2026-04-17', 1, 400000.00, 0);

-- HÓA ĐƠN
INSERT INTO HoaDon (maHD, maDat, maNV, ngayTaoHD, tienPhong, tienDV, tienCoc, thueVAT, tongTien, loaiHD, trangThaiThanhToan, phuongThucThanhToan, ngayThanhToan, ghiChuThanhToan) VALUES
('HD001', 'DP001', 'LUCIA003', '2026-04-17 21:06:06.793', 500000.00, 1130000.00, 500000.00, 0.1, 1130000.00, N'HOA_DON_PHONG', N'DA_THANH_TOAN', NULL, NULL, NULL),
('HD002', 'DP002', 'LUCIA004', '2026-04-17 21:36:10.663', 300000.00, 0.00, 300000.00, 0.1, 0.00, N'HOA_DON_PHONG', N'DA_THANH_TOAN', NULL, NULL, NULL),
('HD003', 'DP003', 'LUCIA005', '2026-04-17 21:41:34.930', 0.00, 0.00, 3000000.00, 0.1, 0.00, N'HOA_DON_PHONG', N'DA_MAT_COC', NULL, '2026-04-17 21:41:57.433', N'Thu phạt (Hủy sát ngày/Trễ hẹn)'),
('HD004', 'DP004', 'LUCIA006', '2026-04-17 21:48:05.437', 0.00, 0.00, 1000000.00, 0.1, 0.00, N'HOA_DON_HOAN_TIEN', N'DA_HOAN_COC', NULL, '2026-04-17 21:48:19.027', N'Hoàn cọc (Hủy trước 6 ngày)'),
('HD005', 'DP005', 'LUCIA007', '2026-04-17 21:53:26.707', 5000000.00, 2175000.00, 5000000.00, 0.1, 2175000.00, N'HOA_DON_PHONG', N'DA_THANH_TOAN', NULL, NULL, NULL),
('HD006', 'DP006', 'LUCIA008', '2026-04-13 13:00:00.000', 600000.00, 60000.00, 300000.00, 0.1, 360000.00, N'HOA_DON_PHONG', N'DA_THANH_TOAN', NULL, '2026-04-13 13:05:00.000', NULL),
('HD007', 'DP007', 'LUCIA009', '2026-04-14 13:00:00.000', 1200000.00, 260000.00, 600000.00, 0.1, 860000.00, N'HOA_DON_PHONG', N'DA_THANH_TOAN', NULL, '2026-04-14 13:10:00.000', NULL),
('HD008', 'DP008', 'LUCIA010', '2026-04-13 16:30:00.000', 300000.00, 0.00, 300000.00, 0.1, 0.00, N'HOA_DON_PHONG', N'DA_THANH_TOAN', NULL, '2026-04-13 16:35:00.000', NULL),
('HD009', 'DP009', 'LUCIA011', '2026-04-17 13:00:00.000', 1000000.00, 0.00, 500000.00, 0.1, 500000.00, N'HOA_DON_PHONG', N'DA_THANH_TOAN', NULL, '2026-04-17 13:05:00.000', NULL),
('HD010', 'DP015', 'LUCIA012', '2026-04-17 18:30:00.000', 300000.00, 0.00, 300000.00, 0.1, 0.00, N'HOA_DON_PHONG', N'DA_THANH_TOAN', NULL, '2026-04-17 18:35:00.000', NULL),
('HD011', 'DP016', 'LUCIA003', '2026-04-05 13:00:00.000', 2100000.00, 400000.00, 700000.00, 0.1, 1800000.00, N'HOA_DON_PHONG', N'DA_THANH_TOAN', NULL, '2026-04-05 13:05:00.000', NULL),
('HD012', 'DP017', 'LUCIA004', '2026-04-07 13:00:00.000', 700000.00, 0.00, 700000.00, 0.1, 0.00, N'HOA_DON_PHONG', N'DA_THANH_TOAN', NULL, '2026-04-07 13:05:00.000', NULL),
('HD013', 'DP018', 'LUCIA005', '2026-04-10 13:00:00.000', 700000.00, 0.00, 700000.00, 0.1, 0.00, N'HOA_DON_PHONG', N'DA_THANH_TOAN', NULL, '2026-04-10 13:05:00.000', NULL),
('HD014', 'DP019', 'LUCIA006', '2026-03-28 13:00:00.000', 1400000.00, 0.00, 700000.00, 0.1, 700000.00, N'HOA_DON_PHONG', N'DA_THANH_TOAN', NULL, '2026-03-28 13:05:00.000', NULL),
('HD015', 'DP020', 'LUCIA007', '2026-04-02 13:00:00.000', 2100000.00, 0.00, 700000.00, 0.1, 1400000.00, N'HOA_DON_PHONG', N'DA_THANH_TOAN', NULL, '2026-04-02 13:05:00.000', NULL);

-- CHI TIẾT HÓA ĐƠN
INSERT INTO ChiTietHoaDon (maCTHD, maHD, maCTDP, thoiGianLuuTru, thanhTien) VALUES
('CTHD001', 'HD001', 'CTDP0001', 1.00, 500000.00),
('CTHD002', 'HD002', 'CTDP0002', 1.00, 300000.00),
('CTHD003', 'HD005', 'CTDP0007', 1.00, 1000000.00),
('CTHD004', 'HD005', 'CTDP0008', 1.00, 1000000.00),
('CTHD005', 'HD005', 'CTDP0009', 1.00, 1000000.00),
('CTHD006', 'HD005', 'CTDP0010', 1.00, 1000000.00),
('CTHD007', 'HD005', 'CTDP0011', 1.00, 1000000.00),
('CTHD008', 'HD006', 'CTDP0012', 2.00, 600000.00),
('CTHD009', 'HD007', 'CTDP0013', 2.00, 1200000.00),
('CTHD010', 'HD008', 'CTDP0014', 1.00, 300000.00),
('CTHD011', 'HD009', 'CTDP0015', 2.00, 1000000.00),
('CTHD012', 'HD010', 'CTDP0021', 1.00, 300000.00),
('CTHD013', 'HD011', 'CTDP0022', 3.00, 2100000.00),
('CTHD014', 'HD012', 'CTDP0023', 1.00, 700000.00),
('CTHD015', 'HD013', 'CTDP0024', 1.00, 700000.00),
('CTHD016', 'HD014', 'CTDP0025', 2.00, 1400000.00),
('CTHD017', 'HD015', 'CTDP0026', 3.00, 2100000.00);
GO
